Model,Type,Accuracy,Time(s),Epochs_to_Converge
RandomForest,ML,0.977,0.9603030681610107,N/A
HistGradientBoosting,ML,0.974,30.716933250427246,N/A
ResNet_DNN,DL,0.974,17.699124097824097,54
Simple_MLP,DL,0.97,4.584504127502441,29
Conv1D_Net,DL,0.965,50.89944815635681,62
