Configuration,Accuracy,Std
Full Model (TF-IDF + Custom),0.9536,0.005571355310873652
Full w/o Macro Structure,0.9480000000000001,0.009230384607371443
Full w/o Math/LaTeX,0.9458,0.004489988864128734
TF-IDF Only,0.9364000000000001,0.003929376540877652
Custom Features Only,0.9032,0.011788129622633111
